<?xml version="1.0" encoding="UTF-8"?>
<beans
  xmlns="http://www.springframework.org/schema/beans"
  xmlns:xsi="http://www.w3.org/2001/XMLSchema-instance"
  xsi:schemaLocation="http://www.springframework.org/schema/beans http://www.springframework.org/schema/beans/spring-beans-3.0.xsd"
  default-lazy-init="true">

  <bean
    id="directory-model-context"
    class="org.springframework.context.support.ClassPathXmlApplicationContext"
    lazy-init="true">
    <constructor-arg>
      <list>
        <value>org/jspresso/framework/application/commons.xml</value>
        <value>org/jspresso/framework/tools/mock.xml</value>
        <value>com/example/directory/model/dsl-model.xml</value>
        <value>com/example/directory/model/model.xml</value>
      </list>
    </constructor-arg>
  </bean>

  <bean
    id="directory-viewtester-context"
    class="org.springframework.context.support.ClassPathXmlApplicationContext"
    lazy-init="true">
    <constructor-arg>
      <list>
        <value>org/jspresso/framework/application/commons.xml</value>
        <value>org/jspresso/framework/tools/mock.xml</value>
        <value>org/jspresso/framework/application/frontend/commons-frontend.xml</value>
        <value>org/jspresso/framework/application/frontend/swing/commons-swing.xml</value>
        <value>com/example/directory/model/dsl-model.xml</value>
        <value>com/example/directory/model/model.xml</value>
        <value>com/example/directory/view/dsl-view.xml</value>
        <value>com/example/directory/view/view.xml</value>
      </list>
    </constructor-arg>
  </bean>

  <bean
    id="directory-backend-context"
    class="org.springframework.context.support.ClassPathXmlApplicationContext"
    lazy-init="true">
    <constructor-arg>
      <list>
        <value>org/jspresso/framework/application/commons.xml</value>
        <value>org/jspresso/framework/application/backend/persistence/hibernate/commons-hibernate.xml</value>
        <value>com/example/directory/model/dsl-model.xml</value>
        <value>com/example/directory/model/model.xml</value>
        <value>com/example/directory/backend/dsl-backend.xml</value>
        <value>com/example/directory/backend/backend.xml</value>
        <value>com/example/directory/core-config.xml</value>
      </list>
    </constructor-arg>
  </bean>

  <bean
    id="directory-swing-context"
    class="org.springframework.context.support.ClassPathXmlApplicationContext"
    lazy-init="true">
    <constructor-arg>
      <list>
        <value>org/jspresso/framework/application/commons.xml</value>
        <value>org/jspresso/framework/application/backend/persistence/hibernate/commons-hibernate.xml</value>
        <value>org/jspresso/framework/application/frontend/commons-frontend.xml</value>
        <value>org/jspresso/framework/application/frontend/swing/commons-swing.xml</value>
        <value>com/example/directory/model/dsl-model.xml</value>
        <value>com/example/directory/model/model.xml</value>
        <value>com/example/directory/backend/dsl-backend.xml</value>
        <value>com/example/directory/backend/backend.xml</value>
        <value>com/example/directory/view/dsl-view.xml</value>
        <value>com/example/directory/view/view.xml</value>
        <value>com/example/directory/frontend/dsl-frontend.xml</value>
        <value>com/example/directory/frontend/frontend.xml</value>
        <value>com/example/directory/core-config.xml</value>
      </list>
    </constructor-arg>
  </bean>

  <bean
    id="directory-remote-context"
    class="org.springframework.context.support.ClassPathXmlApplicationContext"
    lazy-init="true">
    <constructor-arg>
      <list>
        <value>org/jspresso/framework/application/commons.xml</value>
        <value>org/jspresso/framework/application/backend/persistence/hibernate/commons-hibernate.xml</value>
        <value>org/jspresso/framework/application/frontend/commons-frontend.xml</value>
        <value>org/jspresso/framework/application/frontend/remote/commons-remote.xml</value>
        <value>com/example/directory/model/dsl-model.xml</value>
        <value>com/example/directory/model/model.xml</value>
        <value>com/example/directory/backend/dsl-backend.xml</value>
        <value>com/example/directory/backend/backend.xml</value>
        <value>com/example/directory/view/dsl-view.xml</value>
        <value>com/example/directory/view/view.xml</value>
        <value>com/example/directory/frontend/dsl-frontend.xml</value>
        <value>com/example/directory/frontend/frontend.xml</value>
        <value>com/example/directory/config.xml</value>
      </list>
    </constructor-arg>
  </bean>

</beans>

